dataset,mean,median,p90,corr
train,1.1801997423171997,1.0624852180480957,1.3694101572036743,0.9985502266617942
val,1.1953229904174805,1.0621981620788574,1.3683974146842959,0.9989294512679899
