dataset,mean,median,p90,corr
train,1.5943132638931274,1.2734923362731934,2.440572500228882,0.9865409877153699
val,1.6243655681610107,1.2845321893692017,2.545274353027344,0.9890768104349251
