dataset,mean,median,p90,corr
train,1.8077317476272583,1.2947583198547363,2.863214135169983,0.9884027724913799
val,1.8271554708480835,1.2934660911560059,2.8143629074096674,0.987929322970897
